Date,Open,High,Low,Close,Adj Close,Volume
23-01-2018,306.399994,320.549988,306.350006,318.100006,310.34668,35252217
24-01-2018,317.700012,331.600006,316.200012,329.899994,321.8591,38070520
25-01-2018,332.75,332.75,311.850006,313.149994,305.517334,42466150
29-01-2018,313.149994,316.899994,311,312.100006,304.49292,23600898
30-01-2018,312.049988,318.850006,311,313.549988,305.907562,25810404
31-01-2018,313,316.600006,307.850006,313.25,305.614899,16409938
01-02-2018,316.899994,317.399994,305,306.049988,298.590393,19515991
02-02-2018,302.899994,305.75,295.5,297.350006,290.102448,23274673
05-02-2018,292.649994,300.399994,290,298.049988,290.78537,18940578
06-02-2018,285,297.299988,282.899994,291.75,284.638947,30577218
07-02-2018,296.600006,297.899994,290,292.799988,285.66333,21463818
08-02-2018,292.899994,303.299988,292.549988,301.399994,294.053741,18932796
09-02-2018,297,300.600006,295,296.399994,289.175598,15750824
12-02-2018,288.25,292.399994,285.149994,288.75,281.712067,50839665
14-02-2018,288.700012,288.700012,275,276.200012,269.467987,45641149
15-02-2018,274.799988,282.299988,274.25,278.700012,271.907043,26058237
16-02-2018,280.5,281.200012,270.049988,271.649994,265.028839,30338112
19-02-2018,271.5,272,256.649994,268.5,261.955627,43847791
20-02-2018,269,274.200012,264.799988,269.649994,263.077606,33458021
21-02-2018,272.200012,274.100006,267.399994,273.299988,266.638611,23714454
22-02-2018,270.399994,273.600006,269.450012,272.600006,265.955719,25584062
23-02-2018,273.450012,277.200012,272.5,276.049988,269.321594,15482147
26-02-2018,280,280,273.850006,274.450012,267.76062,15306032
27-02-2018,273,275.899994,265.950012,267.600006,261.077576,20824909
28-02-2018,264.25,269.700012,260.799988,268,261.467834,26810799
01-03-2018,266.299988,270,261.25,262.149994,255.760391,22859175
05-03-2018,260.450012,265,258.75,263.5,257.077515,18484565
06-03-2018,265.850006,266,255,256.549988,250.29689,20778164
07-03-2018,255.050003,255.350006,246.050003,246.649994,240.638199,31262500
08-03-2018,247,257.950012,244.300003,256.799988,250.540787,33133336
09-03-2018,257,257.399994,251.649994,253.25,247.077332,21536191
12-03-2018,254.100006,255.25,247.25,252.850006,246.687088,25332474
13-03-2018,251.300003,262.399994,249.600006,254.699997,248.491989,37647221
14-03-2018,252.5,257.850006,250,257.049988,250.784714,25471485
15-03-2018,257,258.799988,252.550003,253.699997,247.516357,18339890
16-03-2018,250.649994,255.699997,250.100006,252.300003,246.150497,25728297
19-03-2018,252.899994,253.600006,246.100006,247.949997,241.906509,18167594
20-03-2018,246.850006,252.25,245.350006,249.100006,243.028503,20556571
21-03-2018,251.75,254.300003,247.100006,248,241.955292,19533972
22-03-2018,247,247.350006,240.649994,241.550003,235.662506,26828240
23-03-2018,237.800003,239.649994,232.350006,234.800003,229.077026,27150262
26-03-2018,234.75,247.850006,234.25,246.5,240.491852,30373940
27-03-2018,250,255.5,248,254.350006,248.150528,31205051
28-03-2018,252,256.200012,248.699997,249.899994,243.808975,36673566
02-04-2018,251.800003,252,244.899994,246.149994,240.150375,14993188
03-04-2018,249.550003,252.800003,248.25,250.5,244.394363,19883309
04-04-2018,251.699997,253,245.5,247.300003,241.272354,18824449
05-04-2018,252.600006,261.899994,250,259.299988,252.979858,22880821
06-04-2018,259.649994,261.450012,254.850006,259.700012,253.370132,24868860
09-04-2018,260.649994,262.75,257.600006,260.649994,254.296967,20208874
10-04-2018,261.100006,265,258.5,263.299988,256.882355,21201141
11-04-2018,263,263,256.299988,257.049988,250.784714,14885838
12-04-2018,257.5,257.5,252.25,253.800003,247.613937,18660913
13-04-2018,254,255.949997,249.699997,250.949997,244.833389,25654020
16-04-2018,249.350006,251.300003,247.100006,249,242.930923,16408377
17-04-2018,251.399994,252.5,246.600006,248.149994,242.101624,15922452
18-04-2018,249.5,249.899994,245.300003,246.449997,240.443069,16142387
19-04-2018,247.100006,248.449997,245.199997,246.149994,240.150375,13166927
20-04-2018,245.850006,245.850006,239.5,241.199997,235.32103,15546939
23-04-2018,241.899994,244.850006,239.300003,242.449997,236.540558,12111837
24-04-2018,242,243.399994,239.600006,240.600006,234.735672,9486349
25-04-2018,239.699997,240.75,236.75,237.199997,231.418518,13124853
26-04-2018,238.399994,238.800003,232.5,233.199997,227.516037,24495144
27-04-2018,233.25,245.800003,233.25,242.600006,236.68692,31401889
30-04-2018,244.800003,249.699997,244.5,246.399994,240.394287,17263193
02-05-2018,245.899994,246.300003,239.75,241,235.125916,12887066
03-05-2018,240.949997,243.399994,238.75,241.899994,236.003967,12939642
04-05-2018,243.5,243.899994,240.350006,241.949997,236.05275,12777310
07-05-2018,242.449997,248.199997,242.050003,246.5,240.491852,15122614
08-05-2018,248,252.600006,244.600006,250.050003,243.955338,23293920
09-05-2018,249.800003,249.800003,246.300003,248,241.955292,11429823
10-05-2018,248.25,250.199997,246.300003,247.949997,241.906509,13160967
11-05-2018,247.600006,251.600006,246.050003,250.350006,244.248032,11958589
14-05-2018,249.949997,255.800003,248.149994,253.600006,247.418808,18673849
15-05-2018,253,257.450012,245.899994,248,241.955292,18026861
16-05-2018,245.5,248.699997,240.600006,243.100006,237.174728,17222004
17-05-2018,244.199997,246,241.149994,242.699997,236.784485,11721064
18-05-2018,243,244,237.850006,238.850006,233.02832,11873041
21-05-2018,243.550003,245.75,240.300003,244.449997,238.491821,18780730
22-05-2018,243.649994,259.700012,241,253.899994,247.711487,68713602
23-05-2018,254.649994,269.75,254.300003,263.200012,256.784851,71202072
24-05-2018,263.850006,269.700012,260.649994,268.5,261.955627,34679642
25-05-2018,267.799988,268.399994,262.549988,266.950012,260.44342,22317308
28-05-2018,267.399994,274.200012,266.049988,272.049988,265.419067,18959368
29-05-2018,270.5,270.950012,262.799988,264.299988,257.858002,16107543
30-05-2018,260.5,268,259.950012,267.149994,260.63855,19320209
31-05-2018,266.850006,274.799988,263.149994,269.549988,262.980011,31935892
01-06-2018,269.25,269.799988,264.600006,266.700012,260.199524,16574717
04-06-2018,268,268.350006,261.299988,263,256.589691,12933824
05-06-2018,260.899994,265.25,260.899994,263.549988,257.126251,14102731
06-06-2018,263,271.399994,262.200012,270.149994,263.565399,18315171
07-06-2018,271.049988,272.899994,268.399994,269.649994,263.077606,18773700
08-06-2018,268.950012,273.899994,267,273,266.345947,14096549
11-06-2018,273.299988,278.399994,273.149994,274,267.321594,18219428
12-06-2018,274,284.399994,274,282.850006,275.955872,31358021
13-06-2018,284,289.649994,283.649994,287.700012,280.687653,26748300
14-06-2018,286.549988,286.549988,281.299988,282.600006,275.711975,18513730
15-06-2018,282.75,283.450012,276.600006,277.450012,270.6875,16949917
18-06-2018,278,279.75,275.450012,276.850006,270.102142,13542420
19-06-2018,276,276.700012,269.75,272.600006,265.955719,20726975
20-06-2018,273.200012,274.75,271.100006,273.299988,266.638611,14002946
21-06-2018,274.75,274.75,268.100006,268.649994,262.101959,12954943
22-06-2018,269,273.700012,265.75,273.049988,266.394714,20784133
25-06-2018,271.850006,273.149994,267.200012,268.450012,261.90686,10934401
26-06-2018,267.25,271.200012,265.399994,267.399994,260.882446,16867009
27-06-2018,267.350006,267.350006,261,261.700012,255.321396,16277655
28-06-2018,260.399994,262,255.699997,257,250.735931,21349738
29-06-2018,258.25,263.450012,258.200012,259.350006,253.028656,16244724
02-07-2018,258.950012,261.75,254,258.850006,252.540848,21896701
03-07-2018,259.600006,260.899994,256.399994,257.5,251.22374,16099030
04-07-2018,255.75,258.350006,254.5,257.450012,251.174973,14206935
05-07-2018,257.899994,258.700012,255.149994,256.450012,250.199356,11215032
06-07-2018,256.100006,260.799988,255.550003,257.200012,250.931076,16174019
09-07-2018,258.200012,262.399994,257.950012,261.549988,255.175003,13220744
10-07-2018,263.850006,265.75,262.399994,263.75,257.321411,11487165
11-07-2018,262.649994,262.649994,257.899994,259.100006,252.784744,12857179
12-07-2018,261.399994,264.5,261.149994,262.75,256.345764,10642215
13-07-2018,262.100006,262.399994,256.799988,257.75,251.467651,11976239
16-07-2018,257,257.5,251,251.600006,245.46756,8965623
17-07-2018,250.699997,259.850006,250.449997,259.049988,252.735962,16067598
18-07-2018,260.100006,262.5,256.149994,259.549988,253.22377,17641125
19-07-2018,259.399994,263.5,256.200012,260.200012,253.857941,9958284
20-07-2018,259.899994,263,258.549988,261.5,255.126266,6120163
23-07-2018,262,267.5,260.600006,266.350006,259.858063,17013119
24-07-2018,267.200012,269.200012,265.549988,266.850006,260.345856,9320281
25-07-2018,268,272.850006,265.649994,271.850006,265.223969,13099277
26-07-2018,275.100006,289.399994,274.200012,287.700012,280.687653,53496546
27-07-2018,289.5,297,285.100006,286.75,279.760834,32175436
30-07-2018,289.200012,299.549988,289.200012,297.399994,290.151215,40949610
31-07-2018,297,302.399994,291.799988,293.5,286.346283,36510328
01-08-2018,294.5,298,288.350006,295.100006,287.907288,33885474
02-08-2018,293,296.399994,290.549988,293.899994,286.736511,15665209
03-08-2018,294.600006,299.950012,294.5,299.25,291.956146,18254462
06-08-2018,300.600006,311.350006,300.600006,308.5,300.980682,31576923
07-08-2018,309.850006,311.700012,303.049988,304.049988,296.63913,23928622
08-08-2018,304.049988,310.899994,303.049988,308.700012,301.175812,20498279
09-08-2018,312.950012,319.850006,310.149994,317.399994,309.663757,46464355
10-08-2018,317.649994,326.399994,300.5,304.450012,297.029388,111510771
13-08-2018,296,302.799988,291.100006,294.149994,286.980438,58127432
14-08-2018,296.700012,298.950012,293.350006,294.899994,287.712158,25294933
16-08-2018,293.5,298.399994,290.25,292.700012,285.565796,31083900
17-08-2018,295,302.700012,294.049988,302.100006,294.736694,21931134
20-08-2018,304.100006,308.700012,303.600006,307.649994,300.151398,20240462
21-08-2018,308.299988,308.850006,303.350006,307,299.517242,14139592
23-08-2018,306.950012,306.950012,298.299988,302.450012,295.078156,22721004
24-08-2018,300.600006,305.700012,299,300.450012,293.126892,18869585
27-08-2018,304,310.350006,303.299988,308,300.492889,28111768
28-08-2018,308.049988,310.25,303.399994,305.350006,297.907471,16890236
29-08-2018,306.799988,312,305.75,309.700012,302.151459,24320824
30-08-2018,309.299988,310.5,306,308.600006,301.078247,19935935
31-08-2018,307.899994,310.649994,304.549988,309.600006,302.053864,18100140
03-09-2018,312.5,312.5,304.799988,306.350006,298.883118,14708076
04-09-2018,306.799988,307.450012,295.450012,296.399994,289.175598,42859084
05-09-2018,296.5,298.850006,290.399994,296.549988,289.32193,22922686
06-09-2018,298,299.850006,294.5,296.450012,289.224396,18001336
07-09-2018,295.899994,295.899994,289.450012,291.649994,284.541351,23716678
10-09-2018,290.649994,293.25,283.799988,284.850006,277.907104,23354395
11-09-2018,287.350006,291.450012,281.649994,282.600006,275.711975,28361400
12-09-2018,284,286.700012,280,285.299988,278.346161,22717796
14-09-2018,290.100006,291.799988,288.700012,290.649994,283.565765,15149585
17-09-2018,288.5,288.5,284.100006,285.299988,278.346161,16089996
18-09-2018,285,286.899994,272.399994,273.799988,267.126434,33901000
19-09-2018,275.399994,282.850006,270.5,271.5,264.882507,40759431
21-09-2018,274.200012,279.450012,253.399994,270.600006,264.004456,39308482
24-09-2018,272.700012,273,262.600006,264.350006,257.906799,24633374
25-09-2018,264,272.950012,260.799988,270.899994,264.29715,28948831
26-09-2018,274,274,262.75,263.850006,257.418976,23951904
27-09-2018,264.5,268.600006,263.75,265.350006,258.882416,24829383
28-09-2018,266.399994,273.5,262.5,265.5,259.028778,33803139
01-10-2018,265.5,275.200012,264.100006,273.850006,267.175232,17711738
03-10-2018,273.350006,278.700012,270.600006,271.700012,265.077667,19714943
04-10-2018,267.950012,272.700012,265.700012,271.350006,264.736176,17754204
05-10-2018,271,271,256,258.350006,252.053024,36628643
08-10-2018,259.75,268.5,258.350006,265.75,259.272675,21100804
09-10-2018,268,268.149994,260,262.950012,256.540924,16010883
10-10-2018,261.600006,280.450012,261.200012,278.649994,271.858215,31772330
11-10-2018,268,271.5,260.600006,262.149994,255.760391,46291120
12-10-2018,266,267.899994,261.5,263.75,257.321411,42967696
15-10-2018,264.399994,265.700012,261.100006,263.200012,256.784851,21965859
16-10-2018,264.600006,270.850006,263.350006,270.299988,263.711761,33597068
17-10-2018,273.75,275,260,261.149994,254.784775,21631573
19-10-2018,259.700012,264.200012,258.100006,261.100006,254.736008,28474307
22-10-2018,266,266,259.450012,260.350006,254.004303,19933462
23-10-2018,258,259,255,255.649994,249.418823,20206307
24-10-2018,260.25,261.799988,252.800003,255.699997,249.467621,25636533
25-10-2018,254.5,255,248.399994,249.550003,243.467514,33066232
26-10-2018,252,252.5,247.399994,248.100006,242.052872,20543437
29-10-2018,250,269.25,248.399994,267.899994,261.370239,37768359
30-10-2018,267.5,279.100006,266,273.149994,266.49231,33401683
31-10-2018,275,282.75,268.600006,281.399994,274.541229,28137370
01-11-2018,283,289,278.850006,285.899994,278.931519,29144808
02-11-2018,287.899994,292.799988,283.200012,285.350006,278.394958,27760214
05-11-2018,286.450012,300,283.5,294.950012,287.760956,44619891
06-11-2018,296.100006,298.299988,283.899994,286.450012,279.46814,40688243
07-11-2018,288.899994,288.899994,285.950012,286.549988,279.565674,3312160
09-11-2018,287,287.5,282.450012,283.25,276.34613,19201007
12-11-2018,283.700012,283.700012,276.850006,277.950012,271.175323,24044907
13-11-2018,276.299988,279.700012,273.350006,278.049988,271.272827,25633628
14-11-2018,280.399994,287.700012,278,283.600006,276.687592,52674807
15-11-2018,283.850006,287.049988,281.149994,285.399994,278.443695,18445463
16-11-2018,285.899994,291.799988,282.600006,290.899994,283.809662,24805910
19-11-2018,293.5,293.5,286.049988,288.149994,281.126678,13799970
20-11-2018,285.899994,288.549988,282.5,283.450012,276.54126,12900924
21-11-2018,283.450012,289.549988,283.049988,287.049988,280.053497,16167419
22-11-2018,285.950012,287.049988,281.600006,282.700012,275.80954,12066797
26-11-2018,284.100006,287.25,279.600006,286.399994,279.419342,16846820
27-11-2018,284.600006,290.5,284.049988,289.399994,282.346191,21242956
28-11-2018,289.399994,292.450012,283,284.549988,277.61441,19837609
29-11-2018,289.299988,289.649994,284.25,286.399994,279.419342,27919104
30-11-2018,288.799988,290.899994,283.200012,284.649994,277.711975,17583510
03-12-2018,286.700012,287.899994,283.25,286.799988,279.80957,15772176
04-12-2018,287.950012,287.950012,281.899994,282.549988,275.663147,11897307
05-12-2018,282.450012,283.200012,277.049988,280.149994,273.321686,14893748
06-12-2018,278,279.25,275.100006,275.649994,268.931366,11083451
07-12-2018,277,277.350006,272.100006,275.399994,268.687469,10165275
10-12-2018,271,276.399994,270.149994,274.200012,267.516724,11947887
11-12-2018,268.350006,283.25,268.350006,281.25,274.394867,30927239
12-12-2018,283.75,285.850006,282.200012,285.25,278.297363,21765939
13-12-2018,290,294,285.75,289,281.955994,24097152
14-12-2018,288.5,290.799988,287.049988,289.200012,282.151093,12156361
17-12-2018,289.299988,291.450012,287.299988,289.5,282.443787,12728014
18-12-2018,287.850006,294,287,292.75,285.614594,13606582
19-12-2018,294.700012,302,294.700012,300.700012,293.370789,26124125
20-12-2018,298.350006,301.649994,293.149994,294.049988,286.882874,19222232
21-12-2018,293.649994,296.5,290.799988,291.899994,284.785309,15777301
24-12-2018,293.5,295,290.149994,293.049988,285.907227,12048877
26-12-2018,292.850006,295,287.149994,294.149994,286.980438,12684324
27-12-2018,296.700012,297.600006,291.5,292.149994,285.029205,15304564
28-12-2018,293.600006,297.100006,293.549988,294.799988,287.614594,12876558
31-12-2018,297.200012,298.25,295.5,295.899994,288.687775,9526067
01-01-2019,297.5,300.700012,293.850006,299.600006,292.297607,11837127
02-01-2019,299.100006,302.5,293.100006,293.899994,286.736511,25559853
03-01-2019,295,295.549988,290.100006,291.100006,284.004791,17548347
04-01-2019,292.100006,299,291.5,297.649994,290.395111,19514041
07-01-2019,301.049988,301.5,295.200012,296.299988,289.078033,14579399
08-01-2019,295.799988,306,294.75,305.299988,297.858643,22949961
09-01-2019,306,307.100006,300.75,305.299988,297.858643,21109911
10-01-2019,305.100006,307.5,303.5,305.549988,298.10257,16295468
11-01-2019,305.399994,306.200012,300.950012,302.75,295.370819,12702551
14-01-2019,301,303.600006,299.549988,300.399994,293.078125,10372933
15-01-2019,302,303.600006,301.100006,301.649994,294.297638,9444374
16-01-2019,303,306.649994,302.100006,303.149994,295.761078,12111480
17-01-2019,303.899994,304.350006,295.600006,297.399994,290.151215,15974634
18-01-2019,298.75,299.850006,294.25,294.950012,287.760956,9082501
21-01-2019,295.899994,296.75,291.450012,292.450012,285.321899,10188647
22-01-2019,293,293,288.200012,290.25,283.175507,11297989
23-01-2019,290.450012,292.950012,285.5,286.649994,279.663239,10304608
24-01-2019,286.649994,289.899994,285.5,288.049988,281.029114,11532528
25-01-2019,289.600006,291,283.200012,285.399994,278.443695,11121223
28-01-2019,285.649994,286.600006,277.299988,281.600006,274.736359,18905470
29-01-2019,281,286,276.549988,280.600006,273.760712,17435611
30-01-2019,281.200012,289.399994,280.25,287.450012,280.443756,18908654
31-01-2019,290,294.799988,288,293.649994,286.492615,25546487
01-02-2019,296.899994,302.700012,282,284.399994,277.468079,60015958
04-02-2019,282.399994,285.200012,277.850006,283.950012,277.029083,20642919
05-02-2019,284.200012,287,283,284.649994,277.711975,13291133
06-02-2019,285.850006,289.75,283.5,289.049988,282.004761,12149759
07-02-2019,289.399994,294,286.600006,287.399994,280.394958,19733315
08-02-2019,285.600006,288,282.200012,286,279.029083,19781908
11-02-2019,285.950012,285.950012,280,280.5,273.663147,15420017
12-02-2019,280.649994,282.200012,274.649994,275.399994,268.687469,15326106
14-02-2019,268,268.350006,263.649994,267.100006,260.589752,26372671
15-02-2019,268.850006,268.850006,261.299988,262.950012,256.540924,23366091
18-02-2019,264.399994,265.5,258.799988,259.950012,253.614044,14781744
19-02-2019,260.899994,267.5,260.299988,262.899994,256.492126,19064306
20-02-2019,264.5,268.299988,264.299988,267.700012,261.17514,15514595
21-02-2019,270.299988,271,267.299988,268,261.467834,13760702
22-02-2019,267.899994,271.899994,267.600006,270.950012,264.345917,12536918
25-02-2019,271.299988,271.399994,267.899994,270.149994,263.565399,20793897
26-02-2019,266.799988,268.200012,263.25,266.350006,259.858063,15274303
27-02-2019,268,272.700012,266.549988,267.649994,261.126343,20571652
28-02-2019,267.700012,270.799988,267.649994,269.049988,262.492218,31636468
01-03-2019,270.549988,274.600006,270.100006,272.950012,266.29718,20024726
05-03-2019,271.700012,277.850006,271.200012,276.450012,269.711884,21533972
06-03-2019,277.299988,282.549988,276.450012,278.100006,271.321655,22161376
07-03-2019,279.450012,282.5,277.649994,281.75,274.88266,14899105
08-03-2019,281.850006,284.25,279.600006,281.200012,274.3461,19943319
11-03-2019,285.299988,289,283.5,287.350006,280.346222,22931245
12-03-2019,289.200012,289.899994,285.75,286.899994,279.907135,20828136
13-03-2019,288.100006,294.399994,284.700012,293.149994,286.004822,23725641
14-03-2019,294.5,294.700012,290.75,291.899994,284.785309,16164017
15-03-2019,292.600006,301.299988,292.5,298.399994,291.126862,37928480
18-03-2019,298.899994,300.899994,294.649994,298.950012,291.663483,23782967
19-03-2019,300.149994,306.600006,299.149994,303.049988,295.663513,27218691
20-03-2019,302.799988,304.649994,300.049988,303.799988,296.395233,18820555
22-03-2019,304.299988,306.399994,296.950012,298.049988,290.78537,17865957
25-03-2019,294,295.450012,292.200012,294,286.834106,16895511
26-03-2019,294.75,305,294.75,303.5,296.10257,18303791
27-03-2019,305.25,310.850006,304.350006,308.799988,301.273346,35956450
28-03-2019,310.100006,339.649994,309.049988,319,311.224762,63244736
01-04-2019,321.799988,327.649994,321.049988,322.75,314.883362,22372357
02-04-2019,323.649994,331,322.100006,329,320.981018,27897583
03-04-2019,331,332.450012,319.5,320.5,312.688202,30552104
04-04-2019,321.5,325.75,318.299988,321.799988,313.956482,27832294
05-04-2019,323.700012,323.700012,315,317.049988,309.322266,23117232
08-04-2019,318.25,319.25,311.100006,312.799988,305.175873,17394139
09-04-2019,313.950012,315.700012,308.100006,314.75,307.078339,25556039
10-04-2019,314.850006,317.049988,310,310.899994,303.322205,19237974
11-04-2019,311,315.399994,308.700012,314.899994,307.22467,14897935
12-04-2019,314.600006,316.399994,311.200012,315.25,307.566162,14751964
15-04-2019,315.5,318.700012,313.75,315.600006,307.907623,13864791
16-04-2019,316.600006,319.399994,314.700012,315.75,308.053955,14940726
18-04-2019,315.799988,315.799988,308.049988,310.799988,303.224609,15691168
22-04-2019,308.799988,312.299988,306.350006,310.049988,302.492889,15665440
23-04-2019,310.049988,313.75,304.600006,305.25,297.809875,17324274
24-04-2019,305.850006,311.950012,303.600006,310.75,303.175842,15228591
25-04-2019,311,312,305.399994,306.200012,298.736755,30842477
26-04-2019,306.899994,313.5,306.600006,312.5,304.883179,14987906
30-04-2019,312,312,305,309.950012,302.395355,18178758
02-05-2019,308.049988,311.399994,305.649994,308.149994,300.639191,16640100
03-05-2019,309,311.799988,308.799988,310,302.444122,12452689
06-05-2019,306.799988,310.299988,305.899994,308.75,301.224579,10639216
07-05-2019,310.700012,313.399994,303.75,305.450012,298.005035,15219845
08-05-2019,303.950012,305.299988,296.75,298.25,290.980499,22103678
09-05-2019,297.600006,301,296.100006,299.299988,292.004883,12654440
10-05-2019,301.799988,310.75,292.450012,308.049988,300.541656,60739833
13-05-2019,310,314.200012,305.299988,306.899994,299.419678,40101505
14-05-2019,307.850006,316.75,305.100006,314.649994,306.980774,30521436
15-05-2019,316.200012,317.899994,311,312.100006,304.49292,27932459
16-05-2019,312.5,317.100006,309.549988,315.75,308.053955,18147559
17-05-2019,315.649994,321.950012,313.450012,319.25,311.468658,25838962
20-05-2019,332,345.799988,331,344.700012,336.29834,53207071
21-05-2019,345.899994,347.549988,336.25,337.549988,329.322632,33457162
22-05-2019,338.899994,342.600006,333.549988,341.100006,332.786102,32002499
23-05-2019,353,364,339.200012,342.200012,333.859283,74413322
24-05-2019,344.950012,357,343.5,355.350006,346.688782,35703403
27-05-2019,355.049988,362.5,354,361.700012,352.884033,31374994
28-05-2019,360.950012,361.700012,356.649994,360.049988,351.2742,23501608
29-05-2019,358,359,347.149994,348.649994,340.152069,28370210
30-05-2019,349.75,355,347.5,353.549988,344.932617,25712604
31-05-2019,354.350006,357.899994,344.649994,352.5,343.908234,32588069
03-06-2019,352.350006,356.450012,349.649994,355.450012,346.786346,18380919
04-06-2019,354,357.200012,351.399994,352.399994,343.810669,18130636
06-06-2019,349,349.600006,335.899994,336.899994,328.688446,41941144
07-06-2019,337,342.75,336,342.049988,333.712921,29739710
10-06-2019,346,347.299988,340.149994,344.299988,335.908081,20500542
11-06-2019,345.049988,348.299988,342.850006,347.100006,338.639862,16281297
12-06-2019,346.950012,346.950012,342.299988,344,335.615417,11564970
13-06-2019,343,347.450012,339.799988,346.5,338.054474,15509948
14-06-2019,345.5,346.350006,342.549988,343.799988,335.420288,10347594
17-06-2019,343.75,343.75,336.950012,337.850006,329.615326,13779496
18-06-2019,335.5,344,333.799988,340.049988,331.761688,21957480
19-06-2019,343.100006,345.200012,335.5,338.850006,330.590942,16416903
20-06-2019,341,346.25,335.600006,345.149994,336.737366,20626861
21-06-2019,344.799988,350.700012,343.149994,349.399994,340.883789,24749090
24-06-2019,350,354.75,349.649994,353.200012,344.591187,17919504
25-06-2019,352.700012,357,351.25,356.549988,347.859528,15922634
26-06-2019,355.75,359,354.299988,358.149994,349.420502,15835579
27-06-2019,358.100006,363,357.25,362.149994,353.323029,29658120
28-06-2019,362.200012,365,358.700012,361.25,352.444946,22708464
01-07-2019,362.799988,363,358.5,361.549988,352.73764,12348793
02-07-2019,362.149994,365,360.350006,364.5,355.615753,14482172
03-07-2019,365.25,366.700012,363,366.149994,357.225525,12626285
04-07-2019,367.25,370.899994,366.200012,367.399994,358.445038,19252646
05-07-2019,369.450012,373.600006,366,370.649994,361.615845,30019347
08-07-2019,368,368.450012,353.5,355.299988,346.639984,27247892
09-07-2019,353.5,360,352.5,359.5,350.73761,16579914
10-07-2019,360.549988,361.5,351.299988,354.200012,345.566803,18681819
11-07-2019,358.5,364,357,363.200012,354.347443,20048321
12-07-2019,363,366.549988,361.5,363.600006,354.737701,14661748
15-07-2019,364.100006,365,357.600006,360.049988,351.2742,15665939
16-07-2019,358.5,366,357.649994,364.350006,355.469391,16251836
17-07-2019,364.049988,373.549988,363.049988,372.399994,363.323181,17545177
18-07-2019,371.950012,373.799988,362.549988,363.649994,354.786469,21691056
19-07-2019,365.100006,366.049988,355.149994,356,347.322937,22213173
22-07-2019,356,359.549988,348.700012,350.850006,342.298462,19682038
23-07-2019,351.200012,353,341,342.200012,333.859283,27956145
24-07-2019,341.850006,344.700012,336.25,339.600006,331.322662,20823143
25-07-2019,341.700012,343.200012,337.399994,341.299988,332.981201,19857643
26-07-2019,340.799988,346.149994,340.5,342.600006,334.249542,16139052
29-07-2019,343.950012,346.549988,336.799988,343.799988,335.420288,17060483
30-07-2019,344.399994,346.700012,325.850006,327.549988,319.566345,24437235
31-07-2019,325.100006,333.200012,323.899994,332.200012,324.103058,22741445
01-08-2019,330.799988,331.5,311.350006,317.149994,309.419861,40853304
02-08-2019,315.549988,322.25,307.049988,308.450012,300.931915,64472348
05-08-2019,298.450012,302.850006,291.700012,300.25,292.931763,48815899
06-08-2019,298.799988,304.25,297.25,301.399994,294.053741,30442970
07-08-2019,302.399994,302.450012,288.799988,289.899994,282.834045,30820114
08-08-2019,290,295.5,285.600006,294.350006,287.175568,32929233
09-08-2019,296.299988,298,290.049988,291.350006,284.248688,23377581
13-08-2019,290.899994,291.549988,282.5,283.350006,276.443695,24231272
14-08-2019,285.049988,291.25,284.5,289.75,282.687683,18523649
16-08-2019,287.950012,292.799988,284.299988,290.899994,283.809662,20047399
19-08-2019,292,292.399994,286,286.850006,279.858368,19831459
20-08-2019,287.299988,287.399994,280.649994,283.700012,276.785156,23204417
21-08-2019,285.5,285.600006,276.299988,277.399994,270.638702,28226325
22-08-2019,278.299988,278.299988,267.299988,268.549988,262.004395,27728925
23-08-2019,267.100006,275.25,262.700012,271.100006,264.492279,35212444
26-08-2019,288,288,270,280.200012,273.370483,64066440
27-08-2019,284,288,282.600006,285.700012,278.73642,45164811
28-08-2019,286.649994,286.649994,282.200012,284.899994,277.955902,18979998
29-08-2019,283.200012,284.299988,273.299988,274.5,267.809387,27083514
30-08-2019,275.950012,277.950012,266.850006,273.850006,267.175232,45702652
03-09-2019,272,272,266.950012,268.399994,261.858063,21241863
04-09-2019,269.700012,275.850006,267.25,275.100006,268.394775,27309675
05-09-2019,275,276.350006,271.049988,273.299988,266.638611,25085139
06-09-2019,275.049988,277,272.100006,273.950012,267.272827,16675146
09-09-2019,273.950012,278.700012,271,278,271.22406,18616889
11-09-2019,278.5,285.850006,278.5,285.25,278.297363,20999669
12-09-2019,286.75,288.799988,284.149994,287.049988,280.053497,21964832
13-09-2019,285,292.5,282,291.700012,284.590179,27303181
16-09-2019,288.200012,290.450012,283.799988,284.700012,277.760803,18267680
17-09-2019,285,286.450012,273,273.950012,267.272827,21533362
18-09-2019,277.200012,282.950012,274.399994,280.399994,273.565582,25478758
19-09-2019,279.950012,279.950012,273.049988,274.049988,267.370331,23387797
20-09-2019,274.5,307.649994,268.399994,301.700012,294.346436,84481749
23-09-2019,307.549988,316,300.399994,313.75,306.102722,54178171
24-09-2019,313.149994,315.149994,300.799988,302.600006,295.224487,40096711
25-09-2019,297,297.5,278.700012,280.25,273.41925,73063465
26-09-2019,281.5,289.899994,277,281.850006,274.980255,79005946
27-09-2019,282.700012,286.049988,280,281.200012,274.3461,37851718
30-09-2019,281.399994,281.850006,270.149994,270.799988,264.199554,41094131
01-10-2019,272.75,275.5,245.550003,255.949997,249.711517,79350077
03-10-2019,254,260.700012,250.100006,254.149994,247.955383,56207921
04-10-2019,258.5,260.5,248.550003,249.949997,243.857773,60029186
07-10-2019,251.5,253.399994,246.850006,249.100006,243.028503,39160623
09-10-2019,250.100006,262,244.350006,260.950012,254.589676,60328507
10-10-2019,258,258,252.600006,254.149994,247.955383,37577511
11-10-2019,256.200012,261.399994,251.5,254.550003,248.345642,43272106
14-10-2019,256.950012,259.399994,254,255.449997,249.223709,28265136
15-10-2019,256.450012,259.899994,254.800003,258.450012,252.150604,23444973
16-10-2019,259.299988,261.950012,255,256.049988,249.809082,30892295
17-10-2019,256.399994,266,255.600006,265.450012,258.97998,37061013
18-10-2019,264.399994,271.350006,263.200012,269.649994,263.077606,33203721
22-10-2019,270.399994,275,268.5,270.5,263.906891,27574295
23-10-2019,270.75,277.799988,268.649994,275.450012,268.736237,31789622
24-10-2019,276,277.649994,248.649994,262.5,256.101868,63943183
25-10-2019,265.799988,284.149994,263.549988,281.549988,274.687531,105518180
27-10-2019,284.950012,284.950012,280.25,281.799988,274.931458,12183625
29-10-2019,283.149994,285,278.549988,280.649994,273.809479,51033578
30-10-2019,283,291,279.25,289.899994,282.834045,51469048
31-10-2019,293.350006,317.799988,292.75,312.399994,304.785614,128449327
01-11-2019,312.399994,315,308.600006,313.549988,305.907562,44894016
04-11-2019,316,319,312.350006,314.299988,306.639313,31535656
05-11-2019,313.899994,322,312.799988,319.200012,311.419891,50080853
06-11-2019,318.950012,318.950012,314,317.549988,309.810089,32157080
07-11-2019,318.25,323.299988,316.799988,318.149994,310.395477,33926772
08-11-2019,316.200012,321,314.5,316,308.297882,25423362
11-11-2019,314.700012,319.649994,313.100006,318.25,310.493042,20491942
13-11-2019,316.049988,318.600006,305.649994,306.799988,299.322113,32675829
14-11-2019,306.950012,309.5,299.700012,306,298.541626,43617772
15-11-2019,312,323.700012,310.049988,321.899994,314.054077,95199897
18-11-2019,324,329.850006,323.75,325.100006,317.176086,39009263
19-11-2019,325.799988,331.799988,322.100006,330.399994,322.346893,41372145
20-11-2019,332,332.5,325.100006,328.799988,320.785858,29972583
21-11-2019,329.25,332.850006,326.549988,331.350006,323.273773,34116162
22-11-2019,331.450012,333.799988,328.25,329.299988,321.273712,28974967
25-11-2019,329,337.5,328.350006,336.100006,327.90799,27561300
26-11-2019,338,340,332.600006,335.5,327.322601,36464072
27-11-2019,335.950012,345.549988,334.049988,343.549988,335.176392,33971305
28-11-2019,346.850006,351,344.5,349.299988,340.786224,42538227
29-11-2019,348.850006,348.850006,340.600006,341.850006,333.517822,23081823
02-12-2019,343.899994,344.350006,336.200012,338.5,330.249451,20648850
03-12-2019,341,342.950012,333.350006,336.25,328.054291,26482178
04-12-2019,334.100006,342.950012,331.850006,341.850006,333.517822,26789483
05-12-2019,343,344.600006,335.149994,336.200012,328.005524,30429507
06-12-2019,336.700012,337.649994,318,320,312.200378,47027528
09-12-2019,318.950012,327.649994,314.75,316.700012,308.980835,52435239
10-12-2019,317.200012,322.649994,312.25,313.399994,305.761261,52155809
11-12-2019,311.200012,315.75,308,312.799988,305.175873,52557951
12-12-2019,314,322.950012,313.549988,321.850006,314.00531,37804216
13-12-2019,325.200012,333.450012,325,332.549988,324.444458,40955226
16-12-2019,335.950012,337.25,330.799988,331.850006,323.761566,35027613
17-12-2019,333.25,335.75,330.649994,332.899994,324.78595,26734601
18-12-2019,335,335.549988,325.799988,326.950012,318.980988,26449075
19-12-2019,327.350006,329.600006,324.5,328.149994,320.151733,27516289
20-12-2019,330.350006,339.5,330.350006,337.850006,329.615326,51839714
23-12-2019,335.700012,338.850006,330.350006,332.399994,324.298157,30150335
24-12-2019,333.200012,334.200012,329.200012,331.450012,323.371307,21747782
26-12-2019,333,333.450012,328.100006,329.850006,321.810303,24616942
27-12-2019,333.399994,338.350006,333,337.25,329.029938,33477173
30-12-2019,337.75,337.850006,332.5,334.399994,326.24939,22775554
31-12-2019,334.399994,336.350006,332.549988,333.75,325.615234,23801635
01-01-2020,334.700012,335.950012,332.149994,334.450012,326.298218,17379320
02-01-2020,334.5,339.850006,333.350006,339.299988,331.029968,20324236
03-01-2020,337.950012,337.950012,332,333.700012,325.566467,21853208
06-01-2020,331.700012,331.700012,317.700012,319,311.224762,35645325
07-01-2020,324.450012,327,315.399994,318.399994,310.639374,50966826
08-01-2020,312.100006,321.5,311,319.799988,312.005249,44527485
09-01-2020,326.899994,331.399994,325,330.200012,322.151794,40348407
10-01-2020,331,337.950012,328.100006,332.25,324.151794,42377838
13-01-2020,334,335.450012,329.049988,330.75,322.688385,23615129
14-01-2020,329.799988,331.700012,326.5,328,320.005371,26296117
15-01-2020,329,329.200012,322.350006,324.25,316.346802,32625740
16-01-2020,324,326.899994,322.350006,323.299988,315.419952,26653623
17-01-2020,313,323.5,310.100006,318,310.249146,58396326
20-01-2020,321,321.450012,313.399994,314,306.346649,30682902
21-01-2020,313.799988,316.950012,312,313.700012,306.053955,30591772
22-01-2020,317,317,313.700012,316.149994,308.444214,24994911
23-01-2020,316,324.799988,314.149994,323.200012,315.322388,33293610
24-01-2020,323.5,327.299988,321.149994,324.049988,316.151642,22706879
27-01-2020,320.899994,322,315.799988,316.200012,308.493011,23309355
28-01-2020,317.950012,320,311.049988,315.100006,307.41983,26488426
29-01-2020,317.850006,319.700012,315.549988,316.450012,308.736908,23914114
30-01-2020,316.75,316.75,305.649994,310.700012,303.127075,35802330
31-01-2020,313.700012,321.700012,308.600006,318.450012,310.688171,92656638
03-02-2020,303,306.850006,295.350006,298.100006,290.834198,56060158
04-02-2020,302.899994,307.549988,297.100006,306.25,298.785522,51141567
05-02-2020,306.899994,313.649994,304.600006,311,303.419739,35014841
06-02-2020,311.200012,323.5,310.100006,321.950012,314.102875,57757656
07-02-2020,321.5,325,318.399994,320.549988,312.736969,37126803
10-02-2020,319.799988,322.799988,316.5,318.5,310.736938,24816396
11-02-2020,321.049988,325.799988,321.049988,324.350006,316.444366,30188757
12-02-2020,329.899994,329.899994,319.25,320.200012,312.395538,38930849
13-02-2020,322,330.950012,322,327.450012,319.468811,62516057
14-02-2020,328.100006,331.899994,318.549988,319.399994,311.615021,48205947
17-02-2020,320.950012,321.149994,311.649994,314.200012,306.541779,36950692
18-02-2020,315.399994,319.200012,309.399994,317.549988,309.810089,38588583
19-02-2020,322.299988,324,317.25,320.350006,312.54184,39846727
20-02-2020,319.350006,329.200012,318.75,327.649994,319.66394,40150409
24-02-2020,325.75,331.299988,321.850006,322.950012,315.078491,45273936
25-02-2020,325.899994,328.149994,322.200012,326.799988,318.834656,39050709
26-02-2020,324.850006,330.799988,324.200012,328.200012,320.200531,43915281
27-02-2020,328,330,318,321.950012,314.102875,47010040
28-02-2020,312,314.649994,301.100006,303,295.614716,59705346
02-03-2020,311,312,284.049988,287.399994,280.394958,66711413
03-03-2020,293,294.399994,285.299988,289.850006,282.785278,61949382
04-03-2020,291.799988,293,275.100006,285.299988,278.346161,73675736
05-03-2020,290.899994,298.399994,270,288.5,281.46814,149245973
06-03-2020,268,274.399994,253.949997,270.5,263.906891,106043172
09-03-2020,260.049988,262.75,251.149994,253.449997,247.272461,101286241
11-03-2020,253,258.5,243.100006,245.100006,239.125992,90845604
12-03-2020,231.899994,231.899994,208.600006,212.600006,207.418137,99767083
13-03-2020,200,248.800003,184.649994,242,236.101547,155701316
16-03-2020,227.899994,231.399994,220.600006,223.350006,217.906113,75583409
17-03-2020,227.199997,229.899994,212.050003,215.149994,209.905975,65403057
18-03-2020,221,223.149994,200.100006,215.199997,209.954758,101356399
19-03-2020,202.949997,219.75,198.149994,203.649994,198.686264,93533467
20-03-2020,205.550003,215.699997,200,209.850006,204.735153,77391650
23-03-2020,190,199.5,180.25,181.600006,177.173721,61750037
24-03-2020,190.949997,191.949997,173.550003,183.199997,178.734711,67491360
25-03-2020,178,195.25,176.449997,189.899994,185.271408,71567553
26-03-2020,191.550003,201,185.100006,192.75,188.051956,107260359
27-03-2020,202,211.899994,195,195.949997,191.17395,114740377
30-03-2020,190,195,186.25,186.899994,182.344528,60081554
31-03-2020,192,198.5,188.050003,196.850006,192.052032,59543412
01-04-2020,194,194.5,185.25,186.550003,182.003067,52954239
03-04-2020,187.550003,188.199997,175,175.5,171.222397,64448494
07-04-2020,184.399994,187.300003,177.600006,186.399994,181.856705,72130500
08-04-2020,182.899994,194.399994,180.449997,183,178.539581,80435759
09-04-2020,188,190,183.600006,187.75,183.173813,62416005
13-04-2020,186.800003,188.699997,183.100006,183.5,179.027405,51847146
15-04-2020,187,191.949997,180.149994,182.350006,177.905441,72190004
16-04-2020,182,189.899994,180.25,188.5,183.905548,61165773
17-04-2020,196,198,186.300003,193.25,188.539764,89851063
20-04-2020,194,197.350006,190.050003,192.5,187.808029,81958510
21-04-2020,188,188.199997,183,184.75,180.246933,53042420
22-04-2020,185.5,189.5,181.350006,188.699997,184.100662,61503413
23-04-2020,187.75,189.899994,185.149994,186.699997,182.149399,50955312
24-04-2020,184,184,179,179.75,175.368805,65137305
27-04-2020,183.5,183.5,180.5,180.899994,176.490768,42996571
28-04-2020,182,185.350006,181.199997,184.300003,179.807907,49590230
29-04-2020,185,191.800003,183.5,190.100006,185.466537,57470466
30-04-2020,193.5,195.899994,189.699997,190.5,185.856796,63063889
04-05-2020,182.449997,183.5,178,178.850006,174.490753,58118177
05-05-2020,181,181.25,168.800003,170.399994,166.246689,91050439
06-05-2020,171.149994,173.300003,166.550003,171.100006,166.929642,73156432
07-05-2020,170.850006,172.550003,168.800003,170.75,166.588181,42942399
08-05-2020,172.449997,173.800003,166.100006,166.649994,162.588104,55932236
11-05-2020,167.949997,168.899994,165,165.449997,161.417343,54591827
12-05-2020,164.199997,168.5,160.850006,166.899994,162.832001,70752542
13-05-2020,178.550003,178.550003,170.5,174.100006,169.856522,81720683
14-05-2020,170.949997,171.75,167.5,167.949997,163.856415,48136531
15-05-2020,167.949997,168.25,164.699997,166.399994,162.344193,35495540
18-05-2020,166.399994,166.399994,155,155.300003,151.514755,77349435
19-05-2020,157.5,157.850006,152.399994,152.800003,149.075684,71522334
20-05-2020,153,155.25,151.149994,153.399994,149.661057,66168767
21-05-2020,153.649994,156.149994,151.5,151.949997,148.246399,61147471
22-05-2020,152,155.600006,149.449997,150.850006,147.173218,87064198
26-05-2020,152.399994,153.199997,150.199997,151.399994,147.709793,48275988
27-05-2020,151.949997,160.800003,150.800003,158.600006,154.734314,88195120
28-05-2020,159.449997,162.399994,156.699997,158.199997,154.344055,76968678
29-05-2020,156.100006,161.899994,155.199997,161.300003,157.3685,58363280
01-06-2020,164,171.399994,163.350006,170.050003,165.905243,92740893
02-06-2020,169.899994,171.300003,167.199997,170.25,166.100357,70419104
03-06-2020,172.5,179.899994,172,174.899994,170.637024,113168889
04-06-2020,174.899994,177.649994,171.5,174.050003,169.807739,83494674
05-06-2020,176.550003,189.800003,176,187.800003,183.22261,201321234
08-06-2020,197,197.5,185.800003,186.800003,182.246979,151741826
09-06-2020,187.699997,191,183.350006,184.449997,179.954239,96654191
10-06-2020,184.550003,189,183.800003,187.699997,183.125031,67333317
11-06-2020,188,190.399994,176.350006,177.149994,172.832184,91726802
12-06-2020,170,180,169.800003,179.149994,174.783432,92758901
15-06-2020,177.850006,177.850006,172,173.699997,169.466263,63613412
16-06-2020,178,178.949997,169.399994,172.899994,168.685776,63925976
17-06-2020,171,176.199997,169.25,172.949997,168.734543,73866905
18-06-2020,172.399994,180.649994,171.100006,179.649994,175.27124,58261857
19-06-2020,180.300003,184.949997,179.5,184.5,180.003036,76895151
22-06-2020,185,191.75,184.25,187.699997,183.125031,80023958
23-06-2020,189.600006,193.100006,187.850006,192.449997,187.759262,65487085
24-06-2020,194.800003,194.899994,183.899994,184.600006,180.100601,74668987
25-06-2020,182.199997,186.800003,180.399994,185.25,180.734756,73620385
26-06-2020,188,188.600006,183.800003,184.600006,180.100601,49176958
29-06-2020,183,183.100006,178.5,179.25,174.880997,50966428
30-06-2020,181.100006,182.899994,177.25,178.449997,174.100479,43613239
01-07-2020,179.449997,185.399994,178.600006,184.800003,180.295731,54012853
02-07-2020,185.649994,188,184,185.449997,180.929871,52127276
03-07-2020,186.649994,186.850006,183.399994,184.699997,180.198151,38048810
06-07-2020,186.600006,189.850006,186.149994,188.050003,183.466507,43773740
07-07-2020,187,189.199997,184.050003,188.600006,184.003113,55124494
08-07-2020,188.899994,197.449997,188.399994,191.899994,187.222672,143063102
09-07-2020,192.800003,201,192.550003,199.100006,194.247177,89539723
10-07-2020,198,202.5,194.800003,195.600006,190.832489,111406477
13-07-2020,198.800003,199.800003,191.600006,192.699997,188.003159,61949761
14-07-2020,192.300003,192.300003,184.600006,186.050003,181.515259,62239932
15-07-2020,187.949997,189.949997,183,183.800003,179.320099,58527305
16-07-2020,185,186.949997,181.649994,186.25,181.710388,46546803
17-07-2020,186.800003,189.5,185,188.199997,183.612854,47035238
20-07-2020,190,193.25,188.75,190.75,186.100693,45672856
21-07-2020,192.449997,196.199997,191.5,194.399994,189.661728,59281860
22-07-2020,195.699997,196.75,190.100006,192,187.320236,62276152
23-07-2020,192.399994,199.100006,191.149994,198.25,193.417892,70801412
24-07-2020,195.699997,196.300003,190.649994,191.949997,187.271439,65265493
27-07-2020,193,193.199997,186.5,187.149994,182.58844,50697767
28-07-2020,188,190.5,185.75,189.449997,184.832382,51488617
29-07-2020,187.600006,195.25,187,191.199997,186.539734,73763368
30-07-2020,192.5,193.5,186.050003,186.550003,182.003067,48472816
31-07-2020,188,194.850006,186.699997,191.449997,186.78363,145892485
03-08-2020,192,194.600006,190.050003,192.25,187.564133,72454278
04-08-2020,193.350006,193.800003,190.5,191.600006,186.929993,43866676
05-08-2020,192.75,196.850006,191,191.449997,186.78363,68888892
06-08-2020,192.300003,194.5,190.25,190.949997,186.295807,59740172
07-08-2020,191.449997,192.100006,189.550003,190.649994,186.003128,44822338
10-08-2020,191.850006,195.5,191.699997,193.800003,189.076355,48784530
11-08-2020,195,196.800003,193.75,195.050003,190.295898,43890305
12-08-2020,196,204.25,194.600006,203.300003,198.344803,157818228
13-08-2020,205.5,207.300003,200.75,201.899994,196.978912,70443118
14-08-2020,203,204,194.600006,196.5,191.710541,56169088
17-08-2020,198.449997,198.649994,191.5,193.100006,188.393417,54787889
18-08-2020,193.800003,195.75,191.699997,195.100006,190.344681,46294169
19-08-2020,196.399994,200.300003,195.899994,197.050003,192.247131,59296062
20-08-2020,194,196.350006,193.25,194.75,190.003204,37504602
21-08-2020,199,201.5,197.649994,198.399994,193.56424,68041871
24-08-2020,200,202.800003,198.600006,201.449997,196.539886,53850253
25-08-2020,204,208.449997,202.699997,207.949997,202.88147,105394375
26-08-2020,208.5,210.350006,206.149994,209.850006,204.735153,66749637
27-08-2020,210.5,216.5,210.5,215.649994,210.393784,80997993
28-08-2020,217,225.899994,216.800003,224.850006,219.369568,95974037
31-08-2020,231.550003,231.550003,210.350006,212,206.832748,119986476
01-09-2020,213.100006,218.899994,211.199997,218.100006,212.784073,75048313
02-09-2020,218.25,219,212.300003,216.25,210.979156,47608088
03-09-2020,217.5,218.25,212.300003,213.149994,207.954712,38594129
04-09-2020,210,212.300003,205.899994,206.600006,201.564377,54435758
07-09-2020,207.5,209.649994,205.399994,207.899994,202.832687,35687359
08-09-2020,207.899994,208.5,202.899994,204.050003,199.076523,34146789
09-09-2020,201.100006,201.399994,192.5,194.850006,190.100769,72715826
10-09-2020,197.699997,201.449997,195.199997,198.149994,193.320328,67789617
11-09-2020,198.550003,203.850006,197,202.699997,197.75943,48487971
14-09-2020,205.899994,206.199997,197.350006,198.5,193.661804,63605531
15-09-2020,199.899994,201,197.100006,200.149994,195.271576,51761038
16-09-2020,199.850006,200.050003,196.25,198.199997,193.36911,52404964
17-09-2020,197,198,195,195.449997,190.686142,41223296
18-09-2020,196,197.199997,189.699997,192.600006,187.905609,55286316
21-09-2020,193.050003,193.5,184.25,185.800003,181.271362,57611375
22-09-2020,186.149994,188.300003,181.149994,186.199997,181.661591,51210889
23-09-2020,188.149994,188.949997,181,183.800003,179.320099,44320497
24-09-2020,181.100006,181.800003,175.5,176.350006,172.051682,46114798
25-09-2020,179,182.75,176.149994,182.199997,177.759094,46550127
28-09-2020,184,188.149994,183.350006,187.25,182.686005,41921548
29-09-2020,188.5,188.949997,183.25,185.050003,180.539627,35688726
30-09-2020,185.050003,186.800003,182.399994,185.399994,180.881104,37641083
01-10-2020,187,191.199997,186.899994,190.300003,185.661667,43588724
05-10-2020,192,193.800003,187.050003,188.75,184.149445,41694686
06-10-2020,191.100006,192.100006,188.300003,191.600006,186.929993,31098726
07-10-2020,192.550003,193.149994,189.100006,190.699997,186.05191,34578053
08-10-2020,191.350006,195.800003,190.550003,191.5,186.832428,43351606
09-10-2020,192,198.800003,190.550003,198.300003,193.46669,64907230
12-10-2020,199.699997,205.949997,197.25,198.699997,193.856918,69122798
13-10-2020,198.649994,200,195.100006,195.699997,190.930038,34948525
14-10-2020,194.050003,200.899994,193.050003,200.050003,195.174026,40548275
15-10-2020,201,202.5,192,192.850006,188.149521,49184123
16-10-2020,194,196.75,191.600006,195.949997,191.17395,36893126
19-10-2020,196.199997,204.600006,196.050003,204,199.02774,60220779
20-10-2020,201,204.350006,200.699997,203.050003,198.100906,39316753
21-10-2020,204.699997,207.300003,198.850006,203.75,198.783829,54515523
22-10-2020,201.899994,204.600006,201.100006,203.300003,198.344803,33721637
23-10-2020,204,205.600006,201.550003,202.800003,197.856995,32707020
26-10-2020,202.699997,204,195.600006,196.699997,191.90567,45470123
27-10-2020,197.25,197.550003,192.25,194.649994,189.905624,37794381
28-10-2020,195,195,189.050003,190.449997,185.808014,46458319
29-10-2020,189.350006,190.699997,185.899994,188.699997,184.100662,44822673
30-10-2020,189.350006,192,186.149994,189.25,184.637253,41519686
02-11-2020,192.199997,197.25,190.050003,196.050003,191.271515,52600119
03-11-2020,198,205.800003,197.600006,204.75,199.75946,69890201
04-11-2020,203.5,209,198.050003,207,201.95462,117577856
05-11-2020,216,221,214.75,218.649994,213.320663,138023646
06-11-2020,219,221.850006,217.050003,219.199997,213.857254,73147085
09-11-2020,222.5,222.649994,217.050003,219.5,214.149948,60359458
10-11-2020,223.100006,235,223,231.699997,226.052582,135294550
11-11-2020,232.75,239.350006,227.75,234.199997,228.491653,107094861
12-11-2020,233.199997,233.350006,225.649994,226.800003,221.272034,58859905
13-11-2020,225,230.649994,220.100006,229.449997,223.857422,70676525
14-11-2020,232,232.899994,227.75,229.649994,224.052551,7753219
17-11-2020,231.850006,241.600006,231,240.199997,234.345398,80501583
18-11-2020,239.399994,253,237.899994,252,245.857803,104514060
19-11-2020,248,251.800003,239,239.75,233.906387,82284278
20-11-2020,241.5,245.399994,233.949997,242.75,236.833252,84411129
23-11-2020,243.5,246.149994,238.100006,238.699997,232.881973,57538324
24-11-2020,240.5,245,239.5,243.850006,237.906464,47636611
25-11-2020,245.449997,249.899994,241.600006,243,237.077164,74767232
26-11-2020,244,246.25,240.149994,245.449997,239.467438,64248318
27-11-2020,245.449997,246.25,242.050003,244.25,238.296707,54355703
01-12-2020,245,248.949997,244.25,248.050003,242.004074,37003272
02-12-2020,248.350006,250.850006,244.100006,246.949997,240.930893,56723083
03-12-2020,249.300003,259,248,256.299988,250.052979,79266442
04-12-2020,257,264.350006,253.550003,263.5,257.077515,79252024
07-12-2020,263.799988,271.450012,263,269.600006,263.028839,76053084
08-12-2020,270.950012,273.700012,265.25,271.899994,265.272766,65617502
09-12-2020,272.100006,274.899994,269.200012,270.350006,263.760529,48495641
10-12-2020,269,271,265.549988,269.549988,262.980011,38676657
11-12-2020,270.049988,276.25,270.049988,272.450012,265.809357,50255223
14-12-2020,274,276.149994,272.350006,274.200012,267.516724,31946501
15-12-2020,274.049988,274.049988,268.149994,270.649994,264.053223,34890948
16-12-2020,272.799988,273.649994,268.5,269.399994,262.83371,24844177
17-12-2020,270,272.149994,266.700012,267.700012,261.17514,25904699
18-12-2020,267.700012,271.950012,265,271.450012,264.833771,29816205
21-12-2020,268.450012,269,251.050003,254.699997,248.491989,55160758
22-12-2020,254.800003,258.700012,248.25,257.450012,251.174973,51189571
23-12-2020,256.950012,263.899994,255.600006,263,256.589691,29056404
24-12-2020,265,268.850006,264.649994,266.850006,260.345856,28585509
28-12-2020,268.75,276,268,275.200012,268.49234,36870242
29-12-2020,276.299988,279.899994,274.700012,277.899994,271.126526,45032526
30-12-2020,278,278.700012,272.5,276.899994,270.150879,30971894
31-12-2020,275,277.25,272.600006,274.950012,268.248413,29467966
01-01-2021,274.899994,280,274.399994,279.399994,272.589966,24531791
04-01-2021,281.850006,283.899994,277.75,281.049988,274.199738,31450608
05-01-2021,278.049988,282.450012,277,281.75,274.88266,27393072
06-01-2021,283,289.149994,281.399994,285.049988,278.102234,40765708
07-01-2021,289,291.799988,287,287.700012,280.687653,30546600
08-01-2021,290.100006,291.399994,285.200012,286,279.029083,32543357
11-01-2021,288,288.200012,279.600006,282.5,275.61441,29703173
12-01-2021,280,293.850006,277.899994,292.5,285.370636,44307145
13-01-2021,296,308,294.5,306.799988,299.322113,78042133
14-01-2021,306.700012,309.25,303.799988,307.25,299.761139,40123498
15-01-2021,306.799988,310.899994,301.299988,303.850006,296.444,35307601
18-01-2021,303.5,308.649994,292.200012,294.450012,287.273163,54969750
19-01-2021,297.649994,302.5,296.399994,298.600006,291.321991,35803901
20-01-2021,298.799988,304.700012,296.850006,302.549988,295.17569,33759304
21-01-2021,304,305.149994,291.5,294.850006,287.663391,29995203
22-01-2021,295.5,298,282.399994,283.700012,276.785156,44440810
25-01-2021,284.5,288,277.049988,280.950012,274.102203,34034630
27-01-2021,280.200012,284.850006,272.700012,275.649994,268.931366,39211107
28-01-2021,271.899994,283.350006,269.5,282.350006,275.468048,48717297
29-01-2021,285.600006,290.649994,279.100006,282.100006,275.224152,42300984
01-02-2021,285.100006,313.899994,282.75,310.700012,303.127075,103414068
02-02-2021,315,337.399994,315,333.100006,324.981079,121434166
03-02-2021,333.75,339.899994,325.799988,335.950012,327.761627,66420168
04-02-2021,334.399994,358,331.100006,355.100006,346.444885,145203439
05-02-2021,387,408.350006,385.149994,393.100006,383.518677,214955688
08-02-2021,398,407.799988,394.75,397.049988,387.372375,79389205
09-02-2021,396.75,403.5,389,394.799988,385.177216,63869990
10-02-2021,394.049988,397.899994,388,392.25,382.689392,54163507
11-02-2021,391.799988,396.950012,388.25,390.149994,380.640533,36392708
12-02-2021,391,399.350006,385.549988,393.149994,383.567444,53589755
15-02-2021,397.5,409.450012,395.700012,406.950012,397.031097,56608937
16-02-2021,412,415.75,400.299988,402.350006,392.543182,80365431
17-02-2021,403,414.850006,400.149994,411.75,401.714081,74161370
18-02-2021,425.049988,427.700012,413.700012,415.200012,405.080017,67154539
19-02-2021,415,415,395,399.549988,389.811432,66155518
22-02-2021,400.600006,401,385.649994,389.5,380.006409,52535049
23-02-2021,392,399.700012,389,395.600006,385.957733,45462768
24-02-2021,397,410.5,395.200012,406.25,396.348145,39632090
25-02-2021,411,414.899994,406.549988,407.25,397.323761,46988836
26-02-2021,399.5,401,387,390.149994,380.640533,64450414
01-03-2021,395.100006,397.700012,391,394.950012,385.323578,29677890
02-03-2021,395,399.549988,390.549988,394.200012,384.591858,30534337
03-03-2021,396.5,408.899994,396,405.049988,395.177368,46268223
04-03-2021,398.700012,403.5,394.450012,395.649994,386.0065,43603653
05-03-2021,395,395,378.100006,383.649994,374.298981,72179228
08-03-2021,388.450012,393.399994,386.049988,389.600006,380.103973,39147858
09-03-2021,393.450012,394.899994,382.25,387.600006,378.15271,28054083
10-03-2021,391.100006,393,385.700012,387.700012,378.250275,22677399
12-03-2021,391.700012,393.200012,377.5,381.100006,371.811157,35336355
15-03-2021,382.5,386,369.350006,383.899994,374.542877,42722585
16-03-2021,385.600006,387.850006,376.100006,378.549988,369.323273,38196452
17-03-2021,378.200012,379.649994,366.049988,368.149994,359.176788,33143064
18-03-2021,371.5,375,361.100006,367.100006,358.152405,39405038
19-03-2021,363.950012,372.899994,357.25,371.149994,362.103638,60309145
22-03-2021,372,372.799988,363.5,367,358.05481,28461974
23-03-2021,368.700012,377.950012,367.049988,372.700012,363.615906,41032380
24-03-2021,368.5,369.049988,358.649994,359.850006,351.079102,42318999
25-03-2021,360,360.850006,345.200012,355.200012,346.542419,57495003
26-03-2021,360,362,354.549988,357.200012,348.493683,40718848
30-03-2021,360.100006,364.299988,356.299988,360.799988,352.00592,39405124
31-03-2021,360.299988,367.850006,357.950012,364.299988,355.420593,38651025
01-04-2021,367.700012,371.899994,363.100006,370.649994,361.615845,31883453
05-04-2021,367.5,369.200012,349.049988,353.549988,344.932617,51743981
06-04-2021,355.700012,357,349.299988,350.549988,342.005768,44147709
07-04-2021,351.25,363.200012,347.600006,358.549988,349.81076,48023602
08-04-2021,361,363.299988,354.299988,355.600006,346.932678,33370259
09-04-2021,354.399994,364.5,351.200012,353,344.396027,46473100
12-04-2021,344,344,322.549988,328.850006,320.834656,75501713
13-04-2021,332,342.25,330.5,341,332.688538,49773360
15-04-2021,342.100006,347.549988,336.100006,342.700012,334.347137,52992349
16-04-2021,343,345.5,338.649994,339.899994,331.615326,37766793
19-04-2021,327.149994,332.049988,321.299988,331.149994,323.078613,53304377
20-04-2021,335.100006,339.899994,326.700012,329.5,321.468842,41296147
22-04-2021,326,337.649994,323.299988,336.649994,328.44455,49105833
23-04-2021,331.649994,339.899994,331.649994,336.450012,328.249451,44223940
26-04-2021,339.25,347.450012,339.25,344.299988,335.908081,49234985
27-04-2021,344,354.950012,342.399994,353.049988,344.444824,46003023
28-04-2021,357,364.299988,356.049988,363.399994,354.542572,56696255
29-04-2021,365,369.950012,355.5,359.399994,350.640045,63692926
30-04-2021,353.450012,362.5,350.450012,353.5,344.88385,53832840
03-05-2021,349.600006,352.5,341.399994,350.600006,342.054565,43691860
04-05-2021,355,362.899994,350.200012,351.5,342.932617,57749307
05-05-2021,356.5,357.450012,348,355.399994,346.737549,40872501
06-05-2021,358,359.350006,350.549988,355.549988,346.883881,36294427
07-05-2021,357.5,362,353,358.25,349.518097,38357618
10-05-2021,360.5,367,358.799988,361.700012,352.884033,41739324
11-05-2021,356.850006,366.399994,354.75,364.649994,355.762085,41892770
12-05-2021,362.799988,373.5,361.899994,367.700012,358.737762,53436590
14-05-2021,370,372.5,359.549988,360.450012,351.66449,51722170
17-05-2021,364.399994,385.200012,363.649994,383.100006,373.76239,106555796
18-05-2021,390,392.549988,380.049988,382.25,372.933105,70917710
19-05-2021,382,389.5,381.200012,384.399994,375.030701,48189573
20-05-2021,387,387.799988,382,384.549988,375.177032,42898608
21-05-2021,390,404.399994,378,401.200012,391.421234,192810772
24-05-2021,417,419.200012,405.299988,412.049988,402.006744,142964052
25-05-2021,415.100006,415.5,408.5,412.350006,402.299469,56048127
26-05-2021,413.799988,418.75,410.799988,413.549988,403.470215,52357719
27-05-2021,413.700012,429.100006,412,425.200012,414.836273,73392997
28-05-2021,430.5,433.649994,420.049988,422.049988,411.763031,65137568
31-05-2021,421,426,418,424.350006,414.006989,38291043
01-06-2021,426.049988,435.350006,425.600006,432.549988,422.007111,59299647
02-06-2021,430.799988,437.950012,429.149994,437.25,426.592529,38657806
03-06-2021,437,441.950012,433.5,439.649994,432.894196,38909199
04-06-2021,437.5,441.899994,431.75,433.600006,426.937164,36898769
07-06-2021,435.100006,437.399994,430.799988,432.25,425.60791,20201197
08-06-2021,432.25,432.5,424,427.200012,420.635529,31113823
09-06-2021,427.5,432.299988,418.200012,421.450012,414.973877,27784834
10-06-2021,424.899994,433.299988,422.399994,432.25,425.60791,27397712
11-06-2021,434.850006,435.5,425.25,429.600006,422.998627,26831924
14-06-2021,427,432.450012,416.700012,430.350006,423.737122,30106015
15-06-2021,429.200012,432.799988,428,429.5,422.900177,16413658
16-06-2021,428,432.75,425,425.950012,419.404724,19701175
17-06-2021,421,425.950012,416.600006,420.25,413.792297,23048331
18-06-2021,423.899994,423.899994,402.649994,412.899994,406.555237,45748727
21-06-2021,406.350006,421,400.5,419.75,413.299988,33128978
22-06-2021,423,425.450012,417.299988,418.649994,412.216888,28442965
23-06-2021,421.100006,424.75,415,418.850006,412.413818,27564829
24-06-2021,420.350006,422.75,416.299988,417.200012,410.789185,19214547
25-06-2021,421,431,419.049988,428.799988,422.210907,29886797
28-06-2021,430.700012,433.149994,424.549988,426.75,420.192413,29370660
29-06-2021,427.5,428.950012,420.549988,421.5,415.023102,22275961
30-06-2021,423,424.899994,418.299988,419.200012,412.758453,18337773
01-07-2021,420.299988,423.700012,417.149994,420.399994,413.940002,16161469
02-07-2021,420.299988,425.399994,419,424.399994,417.87854,16423811
05-07-2021,426.5,434.5,424.25,432.649994,426.00177,16483761
06-07-2021,431.700012,436.5,428.200012,429.75,423.146332,20195278
07-07-2021,429.350006,434,427.549988,432.850006,426.1987,14473774
08-07-2021,432.799988,435.399994,422.100006,424.450012,417.927765,21433043
09-07-2021,425,427.5,421.049988,423.75,417.238525,16844494
12-07-2021,426.5,430.25,424.600006,427.450012,420.881683,12886781
13-07-2021,430,431.799988,428.299988,429.100006,422.506317,12831125
14-07-2021,429,432.299988,426.399994,431.049988,424.426331,12767351
15-07-2021,432.700012,432.950012,429.649994,431.700012,425.066376,11030732
16-07-2021,432,432.5,427.450012,430,423.392487,8713863
19-07-2021,423.399994,429.450012,418.850006,427.899994,421.324738,14426686
20-07-2021,427,427,418.899994,420.899994,414.432312,14623321
22-07-2021,425.549988,426.700012,420.899994,422.049988,415.564636,11799761
23-07-2021,422.899994,429.950012,419.5,428.899994,422.309387,17704661
26-07-2021,427.799988,427.799988,422.299988,423.299988,416.795441,14037519
27-07-2021,424.149994,433.25,424,429.950012,423.343262,24119619
28-07-2021,430,430.5,421.049988,425.5,418.961639,17636515
29-07-2021,426,443.600006,425.5,441.549988,434.764984,35263606
30-07-2021,441.5,444.399994,430.700012,431.799988,425.164825,35196813
02-08-2021,434.75,436.700012,431.799988,434.899994,428.217194,16926025
03-08-2021,434.950012,447.899994,433.600006,446.5,439.638947,40922962
04-08-2021,448.649994,467.450012,441.5,456.950012,449.928375,129761158
05-08-2021,461,462.5,438.399994,441.850006,435.060394,58595639
06-08-2021,443.700012,447,434,435.649994,428.955658,38236066
09-08-2021,437.899994,441.799988,431,433.399994,426.740234,22196404
10-08-2021,434.399994,436.399994,421.700012,426.450012,419.897034,27794251
11-08-2021,429.799988,432.899994,423.149994,428.049988,421.472443,23827946
12-08-2021,430,430.450012,425,427.149994,420.586273,16847144
13-08-2021,427.600006,432.25,425,431.200012,424.574066,20908992
16-08-2021,430,434,424,424.850006,418.321625,17608693
17-08-2021,424.850006,425.850006,415.25,421.5,415.023102,22957877
18-08-2021,422.149994,424.350006,418,419.700012,413.250763,17668574
20-08-2021,415,417.350006,405.149994,406.700012,400.450531,25541790
23-08-2021,411.100006,413,401.25,409.5,403.207489,26559937
24-08-2021,409.5,418.75,408.200012,417.600006,411.183044,19012313
25-08-2021,419,421.299988,414.299988,416.25,409.85376,16410980
26-08-2021,414.5,415.799988,410,410.75,404.438293,15897679
27-08-2021,410.350006,414.350006,407.5,412.450012,406.112183,15090541
30-08-2021,414.399994,423.299988,413.5,422.700012,416.204681,20308691
31-08-2021,423.850006,427,418.700012,426.049988,419.503174,26262421
01-09-2021,427.5,432.549988,425.149994,429.899994,423.294006,18776721
02-09-2021,431.399994,433.5,427.75,429.75,423.146332,14372717
03-09-2021,431.25,434.299988,428.200012,431.399994,424.770966,14233624
06-09-2021,432,433.850006,430.049988,431.049988,424.426331,10694099
07-09-2021,431.049988,431.700012,425.100006,429.100006,422.506317,14928735
08-09-2021,429,435.399994,427.350006,431.350006,424.721741,22817464
09-09-2021,430.25,433.799988,430,432.299988,425.657135,9662128
13-09-2021,430.100006,433.799988,428.799988,432.850006,426.1987,9567921
14-09-2021,435,436.75,432.25,433,426.346375,9981562
15-09-2021,433,445,431.450012,443.850006,437.029663,22181568
16-09-2021,444.850006,466.100006,442.75,463.700012,456.574646,42637448
17-09-2021,468,471.899994,450.350006,454.100006,447.122162,41529478
20-09-2021,449.399994,453.5,435.649994,437.450012,430.728027,18376916
21-09-2021,440.149994,441.350006,432.649994,438.799988,432.057251,17279588
22-09-2021,438.899994,442.799988,436.100006,438.850006,432.106506,14321143
23-09-2021,442.399994,451.149994,442.049988,449.799988,442.888214,20516770
24-09-2021,451.100006,451.899994,440,440.75,433.977295,10731274
27-09-2021,444.899994,450.549988,442.25,446.600006,439.737396,11746892
28-09-2021,449.200012,455.799988,439.600006,444.899994,438.063507,19241170
29-09-2021,441.850006,462.299988,439.100006,460,452.931488,38635938
30-09-2021,459.950012,464.899994,451.399994,453,446.039063,26530369
01-10-2021,448.5,455.549988,443.799988,451.649994,444.709808,14777309
04-10-2021,453.799988,464.399994,451.600006,463.149994,456.033081,16246765
05-10-2021,462,469,458.700012,464.700012,457.559296,16487568
06-10-2021,465,471,453.649994,457.200012,450.17453,19056690
07-10-2021,462.100006,464,457.100006,457.899994,450.86377,9984651
08-10-2021,461.899994,464,454.25,458,450.962219,16521128
11-10-2021,460,474.950012,458.649994,469.25,462.039368,20686981
12-10-2021,470,484.399994,468.100006,483,475.578064,33763609
13-10-2021,486.149994,486.149994,478,481.700012,474.298065,17638983
14-10-2021,482,493.899994,482,490.600006,483.061279,23431826
18-10-2021,494,501,491.700012,497.950012,490.29834,20084248
19-10-2021,500.350006,504.200012,483.25,488.200012,480.698181,20645100
20-10-2021,488.799988,507.5,483.100006,499.899994,492.218384,34080545
21-10-2021,504.899994,506.5,491.75,502.950012,495.221527,20808243
22-10-2021,504.600006,508.700012,500,502.950012,495.221527,24080485
25-10-2021,506.5,515.450012,497.850006,506.5,498.716949,35619415
26-10-2021,507.600006,518.200012,507.600006,512.549988,504.673981,21107457
27-10-2021,513.700012,526.849976,512.75,519.150024,511.172607,29463032
28-10-2021,519.599976,520.549988,497.600006,501.350006,493.646118,28140401
29-10-2021,501.5,512.650024,488.399994,502.149994,494.433807,31355893
01-11-2021,508.5,516.950012,501,515.700012,507.775604,20679604
02-11-2021,514.799988,525,512.049988,521.700012,513.683411,26797820
03-11-2021,524,542.299988,515.200012,527.650024,519.541992,80775924
04-11-2021,531.5,535.900024,528.049988,530.450012,522.29895,9796046
08-11-2021,534.450012,534.450012,516.450012,523.25,515.209595,36802110
09-11-2021,526.25,532,522.200012,529.150024,521.018921,25451967
10-11-2021,525.549988,528.5,521.5,524.400024,516.341919,15805538
11-11-2021,522.849976,522.849976,507.100006,509.600006,501.769318,23086898
12-11-2021,512,513,502.700012,511.350006,503.492432,19836221
15-11-2021,512.400024,515.900024,505.5,506.549988,498.766174,13328183
16-11-2021,507.399994,507.399994,493.5,495.100006,487.492157,19553216
17-11-2021,493.850006,505.399994,491,498.149994,490.49527,20488483
18-11-2021,499.100006,506.200012,492.299988,503.799988,496.058441,22471070
22-11-2021,506,506,477.5,486.399994,478.925812,28800269
23-11-2021,485.25,495.399994,480,493.049988,485.473633,20000371
24-11-2021,495.799988,500,489.049988,493.149994,485.572083,13963769
25-11-2021,490,495.450012,486.299988,490.549988,483.012054,12894211
26-11-2021,486.25,487.899994,467.100006,470.5,463.270142,26305817
29-11-2021,470,477.75,454.299988,465.100006,457.953125,22407465
30-11-2021,468,477.25,458,460.549988,453.473022,23026652
01-12-2021,464.450012,477.25,464,475.299988,467.996368,17156956
02-12-2021,474.5,478.149994,470.950012,477,469.670258,12962679
03-12-2021,475.75,481.5,470.049988,473.149994,465.879425,16653993
06-12-2021,473.149994,477,463.799988,465.299988,458.150055,14353300
07-12-2021,469.200012,479.700012,469.200012,476.700012,469.374878,13644942
08-12-2021,480.899994,492.399994,480.25,491.549988,483.996674,20397660
09-12-2021,492.299988,493.5,486.100006,488.649994,481.141235,12560970
10-12-2021,488.5,495.950012,484.399994,494.700012,487.098297,13261408
13-12-2021,497.75,500.450012,486.350006,487.799988,480.304291,14047645
14-12-2021,486,490.350006,481.799988,488.549988,481.042786,11642447
15-12-2021,490,491,483.5,484.799988,477.350403,8639835
16-12-2021,488.350006,490.549988,478.25,481.149994,473.7565,11107781
17-12-2021,480.049988,481.399994,466.5,467.799988,460.611633,12648603
20-12-2021,459,464,443,449.200012,442.297455,22336114
21-12-2021,457.049988,458.25,444.5,446,439.146637,16617447
22-12-2021,450,457.299988,449,455.850006,448.845276,13102553
23-12-2021,461,465,457.75,461.799988,454.703827,14471377
24-12-2021,462.600006,463.600006,452.200012,456.950012,449.928375,13221159
27-12-2021,453.700012,460.5,450.549988,458.049988,451.011444,8856482
28-12-2021,461.200012,462.899994,459.049988,461.200012,454.113068,8832210
29-12-2021,461,462.149994,451.399994,454.399994,447.417542,11757303
30-12-2021,452.75,454.899994,448.5,451.700012,444.759033,28879190
31-12-2021,454.25,461.399994,453.100006,460.450012,453.374603,10005842
03-01-2022,462,472,460.100006,470.799988,463.565521,13124509
04-01-2022,472.5,484.700012,471.049988,483.5,476.070374,23296671
05-01-2022,481.899994,495,479.149994,492.399994,484.833618,24694169
06-01-2022,487.700012,494.399994,485.399994,491.700012,484.144409,18190843
07-01-2022,493.450012,501.950012,489.450012,491.25,483.701294,22746330
10-01-2022,493.350006,504.950012,492.5,503.649994,495.910736,15832274
11-01-2022,503,507.799988,499.25,505.950012,498.175415,16107950
12-01-2022,509.899994,513.5,508.5,510.25,502.409332,14489616
13-01-2022,510,512.849976,507,511.350006,503.492432,10450974
14-01-2022,509,510.350006,505.149994,508.350006,500.538544,8724574
17-01-2022,508,518.900024,507.549988,514,506.101715,17422211
18-01-2022,514,517.450012,505,506.799988,499.012329,12592506
19-01-2022,505,517.650024,500.299988,515.799988,507.874054,16079457
20-01-2022,516,519.150024,508,511.399994,503.541656,17724642
21-01-2022,505.299988,507.5,498,502.700012,494.975372,16947941
24-01-2022,502.399994,506.799988,488,494.149994,486.556732,20233933
25-01-2022,490,517.5,489,514.650024,506.74176,21791739
27-01-2022,503.549988,530.849976,503.200012,528.950012,520.822021,35409230
28-01-2022,534,536.400024,521.400024,523.450012,515.406494,24715250
31-01-2022,529,540.900024,527.049988,538.299988,530.02832,28674232
01-02-2022,543.950012,543.950012,520,532.299988,524.120483,32245356
02-02-2022,536.650024,544.25,531.349976,539.799988,531.505249,21661864
03-02-2022,537.150024,544.700012,537.150024,540.099976,531.800659,22717677
04-02-2022,542.150024,546.400024,527.299988,530.299988,522.151245,25332894
07-02-2022,531.900024,549,525.25,533.25,525.055908,52289545
08-02-2022,535.5,537.650024,519,531.349976,523.185059,26567546
09-02-2022,534.950012,536.5,527.75,535.25,527.025208,14856155
10-02-2022,537.099976,543.950012,534.400024,540.549988,532.243713,18659370
11-02-2022,536.25,537.700012,527.099976,529.599976,521.461975,14607095
14-02-2022,515,515.599976,499.700012,501.399994,493.695313,26153332
15-02-2022,502,526.849976,497.100006,524.799988,516.735718,23842951
16-02-2022,526.5,528,514,516.700012,508.760223,19773807
17-02-2022,520,520,511.149994,512.950012,505.067871,16408356
18-02-2022,510.100006,520.900024,510.100006,515.299988,507.381714,15111223
21-02-2022,511.549988,517.5,504.649994,511.850006,503.984772,16866932
22-02-2022,500.899994,505.299988,495.5,498.399994,490.741425,27108772
23-02-2022,503,505.350006,497.25,498.700012,491.036835,13899433
24-02-2022,480,487.950012,468,472.649994,465.387115,32356037
25-02-2022,480,491.899994,479.299988,482.950012,475.528839,21792287
28-02-2022,476.899994,485.299988,473.100006,483.200012,475.774994,18069367
02-03-2022,478,479.799988,467,474.25,466.962524,22003848
03-03-2022,480,483.399994,464.600006,467.399994,460.217773,20358590
04-03-2022,460.299988,470.899994,457.649994,461.950012,454.851532,20684268
07-03-2022,447.5,453.950012,433.450012,440.299988,433.53421,33720472
08-03-2022,438,442.100006,425,440.299988,433.53421,42510207
09-03-2022,442,454.299988,438.549988,451.700012,444.759033,32331325
10-03-2022,469.899994,476.649994,461.649994,468.700012,461.497833,34553299
11-03-2022,466.399994,474.799988,462,470.350006,463.122467,22091309
14-03-2022,471,486,470.549988,485.149994,477.695038,27750689
15-03-2022,489,490.5,480.649994,485.850006,478.384277,27204899
16-03-2022,493,494.299988,489.399994,492.75,485.178253,16211288
17-03-2022,499,503.5,498.299988,501.899994,494.187653,22947673
21-03-2022,502,502,489,490.600006,483.061279,19064060
22-03-2022,490.600006,495.799988,477.25,493.700012,486.113647,26157969
23-03-2022,498.5,502.399994,489.200012,490.649994,483.110504,15800195
24-03-2022,485,494.799988,483.5,487.100006,479.615082,18174877
25-03-2022,491.75,493.299988,486.600006,490.700012,483.15976,11541196
28-03-2022,490.950012,498.600006,481.950012,497.5,489.855255,16738684
29-03-2022,500,501.399994,491.700012,495,487.393677,14301429
30-03-2022,499.299988,500.399994,492.299988,494.299988,486.704407,16461225
31-03-2022,494.299988,497.549988,492.200012,493.549988,485.965942,10240982
01-04-2022,491,509.75,491,508.200012,500.390839,18527226
04-04-2022,509.299988,514.900024,506,512.400024,504.526337,16257176
05-04-2022,514.400024,516.400024,507.700012,509.399994,501.572388,13602384
06-04-2022,507,515.200012,506,513.950012,506.05249,13738275
07-04-2022,510.049988,519.900024,510.049988,514.950012,507.03714,19620958
08-04-2022,519.5,519.5,512.349976,516.099976,508.169434,13572638
11-04-2022,513.5,522,513.200012,514.900024,506.987915,12370288
12-04-2022,512.75,516.700012,504.350006,512.849976,504.96936,14460680
13-04-2022,514.299988,520.900024,513.75,517.700012,509.744873,15440525
18-04-2022,512,515,504,509.5,501.670868,14492183
19-04-2022,513.25,520.950012,505.100006,511.799988,503.935516,20362934
20-04-2022,512,513.700012,507,509.299988,501.473938,11881305
21-04-2022,513.400024,518,512.200012,516.299988,508.366364,10035638
22-04-2022,512.900024,513.5,499,500.600006,492.907623,16760456
25-04-2022,495,499.200012,490.049988,494.75,487.147522,14057444
26-04-2022,499,507.899994,498.450012,505.5,497.73233,12137213
27-04-2022,500,502.799988,491.850006,497.25,489.6091,12367342
28-04-2022,499.149994,510,496.5,507.5,499.701599,12154792
29-04-2022,508.100006,512.5,494,496.299988,488.673676,12894773
02-05-2022,492.649994,495,481.299988,491,483.455139,18590895
04-05-2022,492,496.450012,477.5,479.649994,472.279541,14645323
05-05-2022,485,494,478.649994,480,472.624176,14130385
06-05-2022,471,486.100006,471,483.950012,476.513489,16710020
09-05-2022,477.100006,483.700012,473.799988,475.899994,468.587158,13544947
10-05-2022,477,482.549988,473.5,475.200012,467.897949,10884328
11-05-2022,475.25,479,463.649994,476.549988,469.227173,14771351
12-05-2022,473,473,456.350006,462.649994,455.540771,18947096
13-05-2022,469.450012,477,439.75,444.649994,437.817352,61403008
16-05-2022,445,461.5,438.850006,455,448.008331,27940958
17-05-2022,458.299988,469.649994,456.149994,467.299988,460.119324,16880698
18-05-2022,467.899994,468.600006,457.100006,458,450.962219,15644497
19-05-2022,449.049988,450,444.450012,447.5,440.623566,14201420
20-05-2022,454.850006,464,454.149994,462.399994,455.294617,13596860
23-05-2022,463.100006,471.399994,459.5,460.899994,453.817657,13499415
24-05-2022,462.399994,466.799988,460.200012,462.049988,454.949982,17175179
25-05-2022,461,464.450012,452.049988,454.100006,454.100006,12728644
26-05-2022,456.850006,470.100006,452.5,468.899994,468.899994,17055257
27-05-2022,471.399994,475,467.5,468.950012,468.950012,10977001
30-05-2022,473,476.899994,471.100006,474.600006,474.600006,9365470
31-05-2022,474,476.399994,465,468.100006,468.100006,15441579
01-06-2022,468,472,464.700012,468.299988,468.299988,9424008
02-06-2022,466.899994,472.350006,466.149994,469.850006,469.850006,9370989
03-06-2022,473.25,475.5,463.5,464.5,464.5,11306291
06-06-2022,464.200012,465.600006,456.5,463.700012,463.700012,10661432
07-06-2022,461.850006,465.950012,460.5,463.399994,463.399994,7672515
08-06-2022,466.600006,475.549988,463.200012,471.299988,471.299988,17168871
09-06-2022,468.950012,470.899994,462.450012,466.950012,466.950012,12635601
10-06-2022,462,464.149994,458.600006,461.850006,461.850006,8621104
13-06-2022,454,454.049988,442.100006,445.850006,445.850006,13426836
14-06-2022,445,449.25,443.350006,448.100006,448.100006,11351101
15-06-2022,448.950012,455.450012,448.600006,451.350006,451.350006,9920926
16-06-2022,455.149994,457.75,440.149994,441.600006,441.600006,10780703
17-06-2022,440,447.549988,437.25,441,441,14326050
20-06-2022,441.5,443.450012,430.700012,434.700012,434.700012,12368534
21-06-2022,439.5,454.950012,437.600006,450.75,450.75,13801891
22-06-2022,448.75,451.200012,444.649994,447.649994,447.649994,11066447
23-06-2022,449,456.450012,446,451.399994,451.399994,12229833
24-06-2022,455.799988,460.350006,453.200012,454.25,454.25,10833364
27-06-2022,459.950012,464.850006,458.049988,461.200012,461.200012,9509175
28-06-2022,458.899994,465.75,458,464.25,464.25,13261290
29-06-2022,460,462.700012,458,459.100006,459.100006,11800876
30-06-2022,459,469.299988,458.600006,465.899994,465.899994,16926328
01-07-2022,463.350006,468.799988,460.549988,466.850006,466.850006,9405495
04-07-2022,466.850006,474.149994,466.850006,473.450012,473.450012,9186358
05-07-2022,475.149994,480,471,472.149994,472.149994,12003244
06-07-2022,475.149994,481,473.899994,479.950012,479.950012,12059857
07-07-2022,484,488.25,481.600006,486.75,486.75,11497832
08-07-2022,489,489.899994,485.149994,488.549988,488.549988,9057231
11-07-2022,485,491.299988,485,488.200012,488.200012,7704792
12-07-2022,485,491.350006,483.100006,484.950012,484.950012,7364457
13-07-2022,487.75,492.450012,484.549988,486.5,486.5,8208853
14-07-2022,486.600006,488.899994,476.799988,479.350006,479.350006,9385630
15-07-2022,482.549988,484.399994,474.700012,479.100006,479.100006,6945602
18-07-2022,484.549988,491.5,482.100006,490.299988,490.299988,9934786
19-07-2022,488,498.549988,488,497.950012,497.950012,11724183
20-07-2022,501,510.600006,500.399994,508.600006,508.600006,19280117
21-07-2022,509.799988,513.400024,506.75,512.049988,512.049988,13814893
22-07-2022,513.450012,520.200012,511.200012,513.700012,513.700012,14699129
25-07-2022,513.400024,519,509.149994,517.799988,517.799988,10229778
26-07-2022,517.700012,520.799988,513.099976,514.200012,514.200012,8862656
27-07-2022,515.299988,529.950012,512.25,528.200012,528.200012,15101546
28-07-2022,533.200012,537.5,529.549988,532.450012,532.450012,12160734
29-07-2022,535.049988,537,526.75,528.349976,528.349976,11921058
01-08-2022,529.049988,535,526.400024,533.75,533.75,8295631
02-08-2022,531.900024,544.900024,531.099976,542.099976,542.099976,16845027
03-08-2022,541.900024,546.400024,534.650024,540.849976,540.849976,24262125
04-08-2022,543.650024,544,524.200012,533.25,533.25,18072293
05-08-2022,535.549988,542.900024,529,531.049988,531.049988,21110734
08-08-2022,524,524,513.849976,520.400024,520.400024,32566317
10-08-2022,521.549988,523.5,513.400024,514.700012,514.700012,16904151
11-08-2022,520,526,517.200012,524.75,524.75,13862195
12-08-2022,525.700012,531.799988,525.150024,530.700012,530.700012,12154012
16-08-2022,533.299988,533.849976,525,525.950012,525.950012,10721167
17-08-2022,528.849976,530.549988,524.349976,528.150024,528.150024,12054183
18-08-2022,526.849976,534.799988,526.200012,532.349976,532.349976,9013662
19-08-2022,532,533.650024,518.5,520.349976,520.349976,11087222
22-08-2022,519,519.900024,510,511.299988,511.299988,9676954
23-08-2022,508.25,524,508.25,521.900024,521.900024,8597965
24-08-2022,519,523,512.299988,519.299988,519.299988,11930650
25-08-2022,521.950012,528.299988,518.5,520.400024,520.400024,15473450
26-08-2022,523.799988,529.5,522.200012,523.799988,523.799988,12855886
29-08-2022,511.299988,517,508.75,514.849976,514.849976,9421339
30-08-2022,518.200012,532.5,517.950012,531.25,531.25,14835308
01-09-2022,522.25,540.900024,522.25,533.299988,533.299988,16670228
02-09-2022,537,537.849976,531.25,536.700012,536.700012,10017930
05-09-2022,537,540.799988,536.299988,538.900024,538.900024,7819994
06-09-2022,538,542.700012,534.099976,537.799988,537.799988,8657868
07-09-2022,534.400024,537.450012,531.549988,532.849976,532.849976,8445359
08-09-2022,536,546.299988,535.5,544.650024,544.650024,12240707
09-09-2022,549.650024,557,548,553.349976,553.349976,18587927
12-09-2022,554.900024,558.599976,551.25,554.900024,554.900024,9677415
13-09-2022,560,560,553.75,558,558,16707275
14-09-2022,550,574.849976,549.25,571.75,571.75,21632641
15-09-2022,572.549988,578.5,567.900024,572.150024,572.150024,12749947
16-09-2022,569.099976,574,560.299988,561.799988,561.799988,14739280
19-09-2022,560.700012,574.400024,559.549988,572.25,572.25,11194003
20-09-2022,577.950012,577.950012,572.849976,574.049988,574.049988,8484017
21-09-2022,575,577.299988,565.400024,569.700012,569.700012,9392526
22-09-2022,566.75,574,562,567.299988,567.299988,11869435
23-09-2022,564.799988,568,549.5,550.599976,550.599976,12563239
26-09-2022,545.799988,549,533,543.299988,543.299988,16158750
27-09-2022,544.549988,550.900024,533.200012,536.5,536.5,11066799
28-09-2022,532.900024,539.799988,520.349976,524.849976,524.849976,12233485
29-09-2022,529,535.700012,519.549988,521.75,521.75,17310168
30-09-2022,524,536.900024,516.150024,530.599976,530.599976,17466950
03-10-2022,527.599976,531.650024,518.5,519.75,519.75,9351162
04-10-2022,533,535.799988,527.799988,532.700012,532.700012,8745887
06-10-2022,534.599976,541.799988,534.599976,537.299988,537.299988,9507322
07-10-2022,535.5,535.599976,526.549988,530.200012,530.200012,11065307
10-10-2022,525.700012,533.900024,522.200012,530.75,530.75,9649292
11-10-2022,530.75,533.700012,525.5,527.400024,527.400024,10825440
12-10-2022,530,535,526,533.799988,533.799988,8522604
13-10-2022,533,533.799988,520.200012,521.450012,521.450012,12972765
14-10-2022,530.200012,534.849976,526,527.200012,527.200012,8545479
17-10-2022,526.400024,544.700012,524.200012,543.650024,543.650024,13485349
18-10-2022,547.099976,563.5,546.75,562.450012,562.450012,20440781
19-10-2022,563,563.450012,551.549988,553.400024,553.400024,9540583
20-10-2022,552,556.799988,545.299988,555.400024,555.400024,11225588
21-10-2022,557.25,565.799988,557.25,560.849976,560.849976,11767639
24-10-2022,567,572.5,565.900024,570.5,570.5,3692065
25-10-2022,572.5,586.200012,568,578.549988,578.549988,19899324
27-10-2022,583.950012,585,577.599976,579.650024,579.650024,13613533
28-10-2022,579.950012,582.650024,567,570.75,570.75,10043644
31-10-2022,574.950012,577.450012,568.400024,573.799988,573.799988,9894639
01-11-2022,576.349976,585.75,574.599976,576.900024,576.900024,12069579
02-11-2022,575.900024,578.950012,569.900024,573.849976,573.849976,10241440
03-11-2022,569,587.950012,568,584.900024,584.900024,17557998
04-11-2022,586,596.950012,580.400024,593.950012,593.950012,25759031
07-11-2022,613,622.700012,607.700012,614.150024,614.150024,44265903
09-11-2022,621,621,610.549988,615.549988,615.549988,18939854
10-11-2022,613.099976,615.099976,602.200012,605.75,605.75,11618405
11-11-2022,617.25,619.549988,598.5,601.299988,601.299988,15525267
14-11-2022,603.950012,603.950012,591.650024,592.549988,592.549988,12957268
15-11-2022,594.299988,602.099976,592.650024,600.849976,600.849976,10286417
16-11-2022,599.950012,603.5,596,599.75,599.75,11555749
17-11-2022,599.099976,602.75,596.150024,599.049988,599.049988,8167131
18-11-2022,601,605.75,597.150024,602.700012,602.700012,12933675
21-11-2022,602.099976,602.099976,595.349976,598.099976,598.099976,7412419
22-11-2022,598.150024,600.700012,596.150024,599.099976,599.099976,8048595
23-11-2022,601.549988,609.599976,601,607.650024,607.650024,12435924
24-11-2022,609.75,611.299988,605.799988,609.349976,609.349976,8960032
25-11-2022,610.549988,613.700012,606.25,607.400024,607.400024,9994513
28-11-2022,605.599976,610.900024,602.349976,608.599976,608.599976,7934274
29-11-2022,607.099976,611.799988,607.099976,608.549988,608.549988,6942919
30-11-2022,608.5,611.400024,598.400024,602.450012,602.450012,15606230
01-12-2022,607.849976,609.799988,601.549988,608.099976,608.099976,14209313
02-12-2022,607.5,609.599976,604.25,607.549988,607.549988,7533838
05-12-2022,608.5,618,607.549988,617.299988,617.299988,11585602
06-12-2022,614.75,619.799988,607.799988,608.950012,608.950012,12996244
07-12-2022,610.849976,612.900024,604.5,607.049988,607.049988,7613892
08-12-2022,609.75,613.799988,607.150024,611.650024,611.650024,10020015
09-12-2022,614.400024,618,609.099976,616.5,616.5,11202267
12-12-2022,614.799988,618.700012,611,613.049988,613.049988,9285187
13-12-2022,613.5,617.400024,612.5,616.75,616.75,7455415
14-12-2022,618.5,626.75,617.5,625.5,625.5,14010673
15-12-2022,625.549988,629.549988,614.299988,615.950012,615.950012,10622271
16-12-2022,612,615.599976,602.099976,603.349976,603.349976,9435071
19-12-2022,604,609.5,603,604.450012,604.450012,8322012
20-12-2022,603,606.5,599.549988,604.450012,604.450012,6753785
21-12-2022,605.900024,609.150024,589.599976,593.400024,593.400024,9217253
22-12-2022,597,599,587.549988,593.400024,593.400024,8740149
23-12-2022,590,590.700012,571.5,574,574,13047046
26-12-2022,574,601.700012,570.700012,597.099976,597.099976,13201587
27-12-2022,600.400024,603.099976,593.299988,601.900024,601.900024,9638618
28-12-2022,600.900024,607,598.549988,601.049988,601.049988,7988631
29-12-2022,600,618,597.150024,611.799988,611.799988,20130392
30-12-2022,615.25,620.549988,611.349976,613.700012,613.700012,13052895
02-01-2023,614.950012,619.200012,611.200012,612.200012,612.200012,6726084
03-01-2023,614.5,616.599976,610,612.400024,612.400024,6818062
04-01-2023,611.849976,614.950012,604,605.200012,605.200012,7011191
05-01-2023,607,611.599976,601.950012,605.099976,605.099976,8241475
06-01-2023,607.400024,607.450012,597,600.650024,600.650024,7972036
09-01-2023,605,609,600.099976,607.700012,607.700012,8878905
10-01-2023,608.450012,609,590.599976,595.150024,595.150024,10622660
11-01-2023,596.450012,599.5,592.25,596.700012,596.700012,7419630
12-01-2023,597.900024,597.900024,590.099976,594.900024,594.900024,8183715
13-01-2023,597.900024,602.900024,593.650024,600.099976,600.099976,7877610
16-01-2023,603,606.099976,600.599976,603,603,5483191
17-01-2023,603,606,586.049988,592.950012,592.950012,13461999
18-01-2023,595.900024,597.150024,587.599976,591.450012,591.450012,11538075
19-01-2023,591,591.75,587.549988,589.849976,589.849976,7475688
20-01-2023,593.799988,596.599976,590.799988,592.200012,592.200012,6750607
